{
  "n_segments": 4,
  "items": [
    {
      "start": 0.0,
      "end": 9.0,
      "text": "Hola, soy Gisael y este es el tercer video para probar nuestra inteligencia artificial y si puede reconocer emociones faciales.",
      "dominant_emotion": "neutral",
      "scores": {
        "anger": 0.011467252857983112,
        "disgust": 0.027050288394093513,
        "fear": 0.003342053387314081,
        "joy": 0.3479863405227661,
        "neutral": 0.5782271027565002,
        "sadness": 0.0210697203874588,
        "surprise": 0.01085721142590046
      }
    },
    {
      "start": 9.0,
      "end": 17.0,
      "text": "Ahora mismo estoy haciendo la cara feliz, en este video iré cambiando de emociones para ver si es capaz de reconocerlos.",
      "dominant_emotion": "neutral",
      "scores": {
        "anger": 0.09534106403589249,
        "disgust": 0.055598966777324677,
        "fear": 0.07450266182422638,
        "joy": 0.016926029697060585,
        "neutral": 0.7045093178749084,
        "sadness": 0.022992944344878197,
        "surprise": 0.03012891858816147
      }
    },
    {
      "start": 17.0,
      "end": 22.0,
      "text": "Ahora estoy haciendo la cara seria para ver si puede reconocer una cara seria.",
      "dominant_emotion": "neutral",
      "scores": {
        "anger": 0.030485687777400017,
        "disgust": 0.04190122336149216,
        "fear": 0.04247046262025833,
        "joy": 0.019485589116811752,
        "neutral": 0.8325962424278259,
        "sadness": 0.025092776864767075,
        "surprise": 0.007967907004058361
      }
    },
    {
      "start": 22.0,
      "end": 31.08,
      "text": "Y ahora una cara de duda, demostrando duda o sospecha.",
      "dominant_emotion": "neutral",
      "scores": {
        "anger": 0.007458923384547234,
        "disgust": 0.009854666888713837,
        "fear": 0.007198642008006573,
        "joy": 0.010403857566416264,
        "neutral": 0.901689350605011,
        "sadness": 0.016623126342892647,
        "surprise": 0.04677145555615425
      }
    }
  ]
}